cat.0.jpg,126,83,354,243,cat
cat.1.jpg,52,31,299,278,cat
cat.10.jpg,2,42,458,495,cat
cat.11.jpg,141,14,361,385,cat
cat.12.jpg,38,19,241,191,cat
cat.13.jpg,9,2,490,306,cat
cat.14.jpg,1,12,319,265,cat
cat.15.jpg,31,5,397,353,cat
cat.16.jpg,31,39,415,240,cat
cat.17.jpg,23,6,438,368,cat
cat.18.jpg,64,1,447,331,cat
cat.19.jpg,2,1,300,223,cat
cat.2.jpg,49,2,270,396,cat
cat.20.jpg,8,80,394,283,cat
cat.21.jpg,48,47,401,496,cat
cat.22.jpg,5,17,432,335,cat
cat.23.jpg,133,23,237,183,cat
cat.24.jpg,1,58,438,305,cat
cat.25.jpg,108,29,337,500,cat
cat.26.jpg,43,63,244,295,cat
cat.27.jpg,58,195,269,476,cat
cat.28.jpg,5,36,275,266,cat
cat.29.jpg,41,10,491,371,cat
cat.3.jpg,14,1,478,386,cat
cat.30.jpg,31,28,284,251,cat
cat.31.jpg,51,27,488,313,cat
cat.32.jpg,24,106,480,322,cat
cat.33.jpg,168,91,384,375,cat
cat.34.jpg,68,51,277,488,cat
cat.35.jpg,25,23,489,398,cat
cat.3500.jpg,22,11,350,324,cat
cat.3501.jpg,38,22,444,290,cat
cat.3502.jpg,5,9,236,161,cat
cat.3503.jpg,2,19,238,160,cat
cat.3504.jpg,43,33,412,375,cat
cat.3505.jpg,7,5,349,301,cat
cat.3506.jpg,30,76,472,243,cat
cat.3507.jpg,1,1,398,372,cat
cat.3508.jpg,19,20,280,185,cat
cat.3509.jpg,76,84,488,350,cat
cat.3510.jpg,162,33,496,370,cat
cat.3511.jpg,169,30,348,199,cat
cat.3512.jpg,9,5,365,280,cat
cat.3513.jpg,24,28,458,454,cat
cat.3514.jpg,63,11,387,283,cat
cat.3515.jpg,152,51,380,295,cat
cat.3516.jpg,59,61,484,355,cat
cat.3517.jpg,17,13,438,280,cat
cat.3518.jpg,6,21,292,213,cat
cat.3519.jpg,3,6,193,240,cat
cat.3520.jpg,13,11,495,340,cat
cat.3521.jpg,53,12,215,211,cat
cat.3522.jpg,25,17,310,477,cat
cat.3523.jpg,0,8,396,261,cat
cat.3524.jpg,20,71,347,494,cat
cat.3525.jpg,72,28,232,478,cat
cat.3526.jpg,66,13,468,373,cat
cat.3527.jpg,4,6,467,335,cat
cat.3528.jpg,24,15,148,128,cat
cat.3529.jpg,116,7,270,259,cat
cat.3530.jpg,26,70,493,367,cat
cat.3531.jpg,23,20,176,124,cat
cat.3532.jpg,1,1,269,222,cat
cat.3533.jpg,68,8,491,464,cat
cat.3534.jpg,69,25,378,453,cat
cat.3535.jpg,189,54,406,369,cat
cat.3536.jpg,79,31,219,212,cat
cat.3537.jpg,131,127,414,388,cat
cat.3538.jpg,62,14,496,348,cat
cat.3539.jpg,15,6,307,182,cat
cat.3540.jpg,49,78,464,292,cat
cat.3541.jpg,146,14,385,346,cat
cat.3542.jpg,104,46,310,369,cat
cat.3543.jpg,15,15,317,122,cat
cat.3544.jpg,2,0,331,380,cat
cat.3545.jpg,14,4,498,373,cat
cat.3546.jpg,6,1,500,342,cat
cat.3547.jpg,95,80,304,369,cat
cat.3548.jpg,29,35,342,373,cat
cat.3549.jpg,116,7,498,306,cat
cat.3550.jpg,1,8,335,154,cat
cat.3551.jpg,40,6,414,404,cat
cat.3552.jpg,26,7,246,256,cat
cat.3553.jpg,42,0,357,239,cat
cat.3554.jpg,11,1,478,265,cat
cat.3555.jpg,5,67,483,343,cat
cat.3556.jpg,9,22,496,321,cat
cat.3557.jpg,56,50,318,478,cat
cat.3558.jpg,16,2,367,495,cat
cat.3559.jpg,262,1,423,151,cat
cat.3560.jpg,18,17,300,425,cat
cat.3561.jpg,74,8,287,303,cat
cat.3562.jpg,43,1,407,487,cat
cat.3563.jpg,47,128,374,406,cat
cat.3564.jpg,22,31,484,272,cat
cat.3565.jpg,9,5,446,374,cat
cat.3566.jpg,10,44,273,163,cat
cat.3567.jpg,1,7,87,199,cat
cat.3568.jpg,93,11,375,333,cat
cat.3569.jpg,42,26,222,230,cat
cat.3570.jpg,150,54,453,271,cat
cat.3571.jpg,89,16,431,373,cat
cat.3572.jpg,58,48,474,424,cat
cat.3573.jpg,1,3,381,495,cat
cat.3574.jpg,130,41,463,428,cat
cat.3575.jpg,9,18,112,161,cat
cat.3576.jpg,0,13,343,496,cat
cat.3577.jpg,185,109,375,372,cat
cat.3578.jpg,1,22,324,197,cat
cat.3579.jpg,24,0,494,372,cat
cat.3580.jpg,3,0,439,373,cat
cat.3581.jpg,24,17,478,351,cat
cat.3582.jpg,4,1,471,450,cat
cat.3583.jpg,16,16,435,484,cat
cat.3584.jpg,92,56,237,214,cat
cat.3585.jpg,130,108,396,362,cat
cat.3586.jpg,112,43,486,327,cat
cat.3587.jpg,2,17,493,358,cat
cat.3588.jpg,161,34,357,373,cat
cat.3589.jpg,114,6,495,265,cat
cat.3590.jpg,32,12,493,215,cat
cat.3591.jpg,26,1,366,334,cat
cat.3592.jpg,12,28,422,489,cat
cat.3593.jpg,8,24,371,319,cat
cat.3594.jpg,147,5,450,492,cat
cat.3595.jpg,46,12,144,125,cat
cat.3596.jpg,174,87,500,371,cat
cat.3597.jpg,34,9,296,217,cat
cat.3598.jpg,22,37,374,402,cat
cat.3599.jpg,1,6,236,177,cat
cat.36.jpg,22,58,500,248,cat
cat.3600.jpg,1,2,447,373,cat
cat.3601.jpg,99,50,348,199,cat
cat.3602.jpg,85,30,218,263,cat
cat.3603.jpg,6,74,373,470,cat
cat.3604.jpg,154,5,275,120,cat
cat.3605.jpg,163,0,316,363,cat
cat.3606.jpg,307,114,471,266,cat
cat.3607.jpg,4,6,186,210,cat
cat.3608.jpg,15,1,491,496,cat
cat.3609.jpg,18,3,292,220,cat
cat.3610.jpg,28,12,295,405,cat
cat.3611.jpg,216,34,402,374,cat
cat.3612.jpg,7,23,372,498,cat
cat.3613.jpg,50,11,307,317,cat
cat.3614.jpg,54,77,330,469,cat
cat.3615.jpg,1,20,330,357,cat
cat.3616.jpg,4,12,292,276,cat
cat.3617.jpg,30,4,445,494,cat
cat.3618.jpg,91,51,480,372,cat
cat.3619.jpg,1,31,260,281,cat
cat.3620.jpg,56,15,192,167,cat
cat.3621.jpg,169,24,405,372,cat
cat.3622.jpg,43,11,493,371,cat
cat.3623.jpg,12,23,401,311,cat
cat.3624.jpg,73,39,425,336,cat
cat.3625.jpg,141,6,330,355,cat
cat.3626.jpg,16,13,381,495,cat
cat.3627.jpg,132,41,367,250,cat
cat.3628.jpg,51,28,493,375,cat
cat.3629.jpg,158,23,346,390,cat
cat.3630.jpg,141,75,497,370,cat
cat.3631.jpg,51,29,231,241,cat
cat.3632.jpg,112,12,260,233,cat
cat.3633.jpg,89,33,372,221,cat
cat.3634.jpg,52,8,362,470,cat
cat.3635.jpg,10,1,256,344,cat
cat.3636.jpg,35,2,478,392,cat
cat.3637.jpg,9,6,186,75,cat
cat.3638.jpg,7,18,416,342,cat
cat.3639.jpg,102,2,274,374,cat
cat.3640.jpg,30,12,295,247,cat
cat.3641.jpg,3,2,71,56,cat
cat.3642.jpg,0,101,312,372,cat
cat.3643.jpg,4,13,490,250,cat
cat.3644.jpg,261,78,498,346,cat
cat.3645.jpg,70,24,472,354,cat
cat.3646.jpg,20,3,144,143,cat
cat.3647.jpg,88,69,260,161,cat
cat.3648.jpg,16,17,402,349,cat
cat.3649.jpg,56,57,336,442,cat
cat.3650.jpg,97,6,224,209,cat
cat.3651.jpg,43,3,412,498,cat
cat.3652.jpg,304,14,445,293,cat
cat.3653.jpg,30,2,493,403,cat
cat.3654.jpg,70,45,423,378,cat
cat.3655.jpg,27,6,382,337,cat
cat.3656.jpg,1,10,121,145,cat
cat.3657.jpg,96,21,406,321,cat
cat.3658.jpg,192,60,426,339,cat
cat.3659.jpg,26,36,176,148,cat
cat.3660.jpg,6,1,178,232,cat
cat.3661.jpg,21,13,265,370,cat
cat.3662.jpg,29,13,431,330,cat
cat.3663.jpg,87,8,398,467,cat
cat.3664.jpg,31,4,425,408,cat
cat.3665.jpg,125,166,409,344,cat
cat.3666.jpg,26,25,292,494,cat
cat.3667.jpg,65,4,477,278,cat
cat.3668.jpg,34,31,295,487,cat
cat.3669.jpg,65,22,314,393,cat
cat.3670.jpg,23,86,394,365,cat
cat.3671.jpg,49,26,410,348,cat
cat.3672.jpg,376,211,454,321,cat
cat.3673.jpg,22,0,204,200,cat
cat.3674.jpg,117,133,311,370,cat
cat.3675.jpg,7,24,347,220,cat
cat.3676.jpg,44,61,379,363,cat
cat.3677.jpg,45,86,405,342,cat
cat.3678.jpg,37,14,205,373,cat
cat.3679.jpg,44,9,494,456,cat
cat.3680.jpg,11,3,313,376,cat
cat.3681.jpg,30,24,408,497,cat
cat.3682.jpg,15,4,202,200,cat
cat.3683.jpg,74,26,276,380,cat
cat.3684.jpg,52,120,209,287,cat
cat.3685.jpg,126,31,418,288,cat
cat.3686.jpg,49,36,229,195,cat
cat.3687.jpg,34,1,376,500,cat
cat.3688.jpg,4,21,352,316,cat
cat.3689.jpg,49,11,447,490,cat
cat.3690.jpg,28,30,476,378,cat
cat.3691.jpg,23,10,494,440,cat
cat.3692.jpg,3,4,495,344,cat
cat.3693.jpg,419,80,500,249,cat
cat.3694.jpg,141,16,352,338,cat
cat.3695.jpg,10,7,343,437,cat
cat.3696.jpg,92,48,478,315,cat
cat.3697.jpg,149,238,259,375,cat
cat.3698.jpg,2,17,349,415,cat
cat.3699.jpg,1,1,96,91,cat
cat.37.jpg,246,1,378,63,cat
cat.3700.jpg,50,39,366,329,cat
cat.3701.jpg,1,2,404,313,cat
cat.3702.jpg,126,24,381,312,cat
cat.3703.jpg,104,18,378,397,cat
cat.3704.jpg,20,32,381,227,cat
cat.3705.jpg,107,74,500,326,cat
cat.3706.jpg,5,1,245,199,cat
cat.3707.jpg,252,10,444,365,cat
cat.3708.jpg,45,35,488,339,cat
cat.3709.jpg,205,15,420,297,cat
cat.3710.jpg,30,12,380,251,cat
cat.3711.jpg,50,51,302,450,cat
cat.3712.jpg,23,6,423,341,cat
cat.3713.jpg,10,17,485,321,cat
cat.3714.jpg,45,3,242,162,cat
cat.3715.jpg,167,2,334,345,cat
cat.3716.jpg,6,4,74,127,cat
cat.3717.jpg,1,17,357,392,cat
cat.3718.jpg,47,5,499,347,cat
cat.3719.jpg,266,5,499,374,cat
cat.3720.jpg,2,7,354,406,cat
cat.3721.jpg,115,14,488,380,cat
cat.3722.jpg,71,44,460,291,cat
cat.3723.jpg,1,65,461,481,cat
cat.3724.jpg,21,63,500,363,cat
cat.3725.jpg,29,36,327,478,cat
cat.3726.jpg,38,0,199,106,cat
cat.3727.jpg,144,19,317,275,cat
cat.3728.jpg,12,0,225,218,cat
cat.3729.jpg,119,109,403,303,cat
cat.3730.jpg,40,25,407,479,cat
cat.3732.jpg,41,38,475,270,cat
cat.3733.jpg,99,70,487,340,cat
cat.3734.jpg,2,21,298,306,cat
cat.3735.jpg,10,12,359,256,cat
cat.3736.jpg,11,7,275,268,cat
cat.3737.jpg,128,30,352,284,cat
cat.3738.jpg,174,219,328,291,cat
cat.3739.jpg,1,3,74,74,cat
cat.3740.jpg,72,4,488,441,cat
cat.3741.jpg,14,1,278,318,cat
cat.3742.jpg,15,3,483,353,cat
cat.3743.jpg,3,83,464,458,cat
cat.3744.jpg,121,61,427,271,cat
cat.3745.jpg,19,16,168,101,cat
cat.3746.jpg,8,8,396,346,cat
cat.3747.jpg,187,62,419,247,cat
cat.3748.jpg,43,8,159,159,cat
cat.3749.jpg,15,11,133,135,cat
cat.3750.jpg,84,0,300,293,cat
cat.3751.jpg,39,13,380,495,cat
cat.3752.jpg,145,117,493,372,cat
cat.3753.jpg,29,10,109,142,cat
cat.3754.jpg,1,1,461,375,cat
cat.3755.jpg,40,25,143,177,cat
cat.3756.jpg,7,60,384,373,cat
cat.3757.jpg,6,0,493,375,cat
cat.3758.jpg,28,0,149,103,cat
cat.3759.jpg,166,88,375,372,cat
cat.3760.jpg,44,90,500,373,cat
cat.3761.jpg,0,55,324,326,cat
cat.3762.jpg,4,4,325,298,cat
cat.3763.jpg,1,56,149,198,cat
cat.3764.jpg,136,37,373,289,cat
cat.3765.jpg,13,74,346,257,cat
cat.3766.jpg,159,180,376,405,cat
cat.3767.jpg,50,5,500,368,cat
cat.3768.jpg,38,43,439,344,cat
cat.3769.jpg,96,121,465,375,cat
cat.3770.jpg,16,12,477,280,cat
cat.3771.jpg,55,13,246,197,cat
cat.3772.jpg,39,18,440,364,cat
cat.3773.jpg,3,6,180,102,cat
cat.3774.jpg,67,114,464,354,cat
cat.3775.jpg,3,49,418,402,cat
cat.3776.jpg,45,50,369,472,cat
cat.3777.jpg,52,36,402,485,cat
cat.3778.jpg,20,13,329,493,cat
cat.3779.jpg,12,3,114,130,cat
cat.3780.jpg,150,268,344,480,cat
cat.3781.jpg,84,18,317,318,cat
cat.3782.jpg,4,4,498,311,cat
cat.3783.jpg,95,22,339,271,cat
cat.3784.jpg,39,19,374,307,cat
cat.3785.jpg,16,26,474,493,cat
cat.3786.jpg,9,104,291,313,cat
cat.3787.jpg,7,9,239,179,cat
cat.3788.jpg,75,79,439,343,cat
cat.3789.jpg,28,17,288,251,cat
cat.3790.jpg,6,117,380,443,cat
cat.3791.jpg,114,109,351,339,cat
cat.3792.jpg,19,41,480,371,cat
cat.3793.jpg,14,3,475,475,cat
cat.3794.jpg,91,3,411,369,cat
cat.3795.jpg,99,36,348,243,cat
cat.3796.jpg,45,6,422,323,cat
cat.3797.jpg,52,32,169,297,cat
cat.3798.jpg,133,101,315,374,cat
cat.3799.jpg,27,24,114,289,cat
cat.38.jpg,17,3,347,335,cat
cat.3800.jpg,28,0,238,230,cat
cat.3801.jpg,136,23,327,466,cat
cat.3802.jpg,1,37,479,350,cat
cat.3803.jpg,70,78,408,372,cat
cat.3804.jpg,134,93,334,375,cat
cat.3805.jpg,24,7,336,486,cat
cat.3806.jpg,50,20,295,217,cat
cat.3807.jpg,87,24,280,385,cat
cat.3808.jpg,1,12,253,266,cat
cat.3809.jpg,37,2,356,490,cat
cat.3810.jpg,14,21,213,127,cat
cat.3811.jpg,79,53,304,215,cat
cat.3812.jpg,112,64,351,331,cat
cat.3813.jpg,2,7,287,270,cat
cat.3814.jpg,10,14,332,372,cat
cat.3815.jpg,78,29,449,347,cat
cat.3816.jpg,48,23,301,399,cat
cat.3817.jpg,37,58,189,291,cat
cat.3818.jpg,10,17,317,295,cat
cat.3819.jpg,19,47,404,445,cat
cat.3820.jpg,10,18,444,370,cat
cat.3821.jpg,16,31,202,187,cat
cat.3823.jpg,43,14,450,474,cat
cat.3824.jpg,81,58,365,330,cat
cat.3825.jpg,4,41,232,240,cat
cat.3826.jpg,3,0,497,373,cat
cat.3827.jpg,40,0,392,298,cat
cat.3828.jpg,190,128,331,374,cat
cat.3829.jpg,43,31,250,486,cat
cat.3830.jpg,34,6,398,362,cat
cat.3831.jpg,54,18,286,339,cat
cat.3832.jpg,41,50,481,338,cat
cat.3833.jpg,78,0,497,374,cat
cat.3834.jpg,8,85,489,445,cat
cat.3835.jpg,33,6,482,389,cat
cat.3836.jpg,17,1,472,335,cat
cat.3837.jpg,30,15,222,207,cat
cat.3838.jpg,11,23,369,498,cat
cat.3839.jpg,124,15,316,211,cat
cat.3840.jpg,12,17,485,303,cat
cat.3841.jpg,37,30,246,233,cat
cat.3842.jpg,35,28,181,291,cat
cat.3843.jpg,11,30,299,313,cat
cat.3844.jpg,19,8,230,185,cat
cat.3845.jpg,23,19,143,154,cat
cat.3846.jpg,46,13,373,453,cat
cat.3847.jpg,14,14,331,499,cat
cat.3848.jpg,52,58,397,444,cat
cat.3849.jpg,43,57,362,491,cat
cat.3850.jpg,1,13,239,239,cat
cat.3851.jpg,20,5,258,437,cat
cat.3852.jpg,12,12,167,201,cat
cat.3853.jpg,53,5,475,459,cat
cat.3854.jpg,228,22,431,248,cat
cat.3855.jpg,110,55,396,370,cat
cat.3856.jpg,103,26,338,217,cat
cat.3857.jpg,95,45,223,236,cat
cat.3858.jpg,100,60,157,152,cat
cat.3859.jpg,86,21,158,111,cat
cat.3860.jpg,20,1,182,176,cat
cat.3861.jpg,11,2,185,207,cat
cat.3862.jpg,35,97,304,350,cat
cat.3863.jpg,4,61,430,339,cat
cat.3864.jpg,14,14,199,160,cat
cat.3865.jpg,23,10,305,238,cat
cat.3866.jpg,94,4,381,372,cat
cat.3867.jpg,160,1,499,340,cat
cat.3868.jpg,177,231,385,327,cat
cat.3869.jpg,12,40,312,385,cat
cat.3870.jpg,76,152,414,374,cat
cat.3871.jpg,33,8,163,182,cat
cat.3872.jpg,208,1,492,298,cat
cat.3873.jpg,160,37,358,300,cat
cat.3874.jpg,40,45,476,345,cat
cat.3875.jpg,110,6,342,369,cat
cat.3876.jpg,0,3,497,371,cat
cat.3877.jpg,12,10,181,175,cat
cat.3878.jpg,15,7,270,497,cat
cat.3879.jpg,11,66,452,370,cat
cat.3880.jpg,123,85,417,371,cat
cat.3881.jpg,71,133,270,276,cat
cat.3882.jpg,67,22,486,296,cat
cat.3883.jpg,54,37,300,312,cat
cat.3884.jpg,20,2,494,293,cat
cat.3885.jpg,10,71,497,388,cat
cat.3886.jpg,9,16,122,88,cat
cat.3887.jpg,38,1,352,269,cat
cat.3888.jpg,1,59,497,371,cat
cat.3889.jpg,23,84,464,298,cat
cat.3890.jpg,57,0,499,309,cat
cat.3891.jpg,80,136,325,356,cat
cat.3892.jpg,4,57,500,290,cat
cat.3893.jpg,77,78,424,262,cat
cat.3894.jpg,29,2,361,492,cat
cat.3895.jpg,5,20,489,302,cat
cat.3896.jpg,111,18,445,349,cat
cat.3897.jpg,271,113,432,315,cat
cat.3898.jpg,16,4,446,368,cat
cat.3899.jpg,78,59,494,349,cat
cat.39.jpg,55,9,369,491,cat
cat.3900.jpg,67,0,498,374,cat
cat.3901.jpg,113,32,398,370,cat
cat.3902.jpg,57,47,360,491,cat
cat.3903.jpg,10,0,197,177,cat
cat.3904.jpg,22,15,495,476,cat
cat.3905.jpg,1,8,197,273,cat
cat.3906.jpg,57,9,114,111,cat
cat.3907.jpg,0,1,197,319,cat
cat.3908.jpg,127,0,435,353,cat
cat.3909.jpg,103,19,443,447,cat
cat.3910.jpg,275,84,441,335,cat
cat.3911.jpg,11,37,475,272,cat
cat.3912.jpg,1,12,242,469,cat
cat.3913.jpg,18,12,446,445,cat
cat.3914.jpg,114,10,472,336,cat
cat.3915.jpg,91,91,419,279,cat
cat.3916.jpg,90,37,430,405,cat
cat.3917.jpg,27,2,431,326,cat
cat.3918.jpg,115,117,421,446,cat
cat.3919.jpg,40,4,394,495,cat
cat.3920.jpg,0,102,315,238,cat
cat.3921.jpg,17,37,473,357,cat
cat.3922.jpg,3,5,398,463,cat
cat.3923.jpg,1,72,499,485,cat
cat.3924.jpg,107,14,387,374,cat
cat.3925.jpg,20,3,236,317,cat
cat.3926.jpg,11,42,349,230,cat
cat.3927.jpg,129,11,320,352,cat
cat.3928.jpg,11,23,155,225,cat
cat.3929.jpg,38,12,486,351,cat
cat.3930.jpg,37,14,395,495,cat
cat.3931.jpg,48,26,324,235,cat
cat.3932.jpg,48,16,484,299,cat
cat.3933.jpg,113,19,394,328,cat
cat.3934.jpg,17,25,297,500,cat
cat.3935.jpg,56,4,452,301,cat
cat.3936.jpg,60,5,379,472,cat
cat.3937.jpg,5,3,287,323,cat
cat.3938.jpg,111,63,327,357,cat
cat.3939.jpg,82,33,301,297,cat
cat.3940.jpg,9,32,396,468,cat
cat.3941.jpg,1,16,121,278,cat
cat.3942.jpg,53,0,298,260,cat
cat.3943.jpg,8,0,298,290,cat
cat.3944.jpg,81,40,423,453,cat
cat.3945.jpg,100,37,363,255,cat
cat.3946.jpg,99,46,404,243,cat
cat.3947.jpg,48,13,487,335,cat
cat.3948.jpg,82,13,495,328,cat
cat.3949.jpg,14,1,237,455,cat
cat.3950.jpg,6,1,442,315,cat
cat.3951.jpg,55,8,461,411,cat
cat.3952.jpg,53,41,249,160,cat
cat.3953.jpg,52,15,489,397,cat
cat.3954.jpg,176,56,460,319,cat
cat.3955.jpg,5,9,418,308,cat
cat.3956.jpg,23,0,223,269,cat
cat.3957.jpg,176,111,349,260,cat
cat.3958.jpg,208,37,401,373,cat
cat.3959.jpg,3,40,302,313,cat
cat.3960.jpg,23,35,445,340,cat
cat.3961.jpg,32,0,300,308,cat
cat.3962.jpg,15,30,288,426,cat
cat.3963.jpg,0,60,293,400,cat
cat.3964.jpg,236,9,496,217,cat
cat.3965.jpg,87,13,373,362,cat
cat.3966.jpg,29,7,228,338,cat
cat.3967.jpg,68,104,480,333,cat
cat.3968.jpg,92,3,499,327,cat
cat.3969.jpg,20,8,265,485,cat
cat.3970.jpg,11,17,341,500,cat
cat.3971.jpg,227,80,368,276,cat
cat.3972.jpg,24,69,271,343,cat
cat.3973.jpg,4,35,499,438,cat
cat.3974.jpg,193,102,444,336,cat
cat.3975.jpg,70,67,484,278,cat
cat.3976.jpg,15,14,321,482,cat
cat.3977.jpg,17,8,464,387,cat
cat.3978.jpg,2,1,427,300,cat
cat.3979.jpg,3,7,428,496,cat
cat.3980.jpg,7,5,70,90,cat
cat.3981.jpg,0,5,326,331,cat
cat.3982.jpg,20,6,373,477,cat
cat.3983.jpg,111,45,354,355,cat
cat.3984.jpg,79,13,495,314,cat
cat.3985.jpg,1,0,187,218,cat
cat.3986.jpg,91,81,288,499,cat
cat.3987.jpg,12,2,497,300,cat
cat.3988.jpg,0,28,462,421,cat
cat.3989.jpg,124,91,471,295,cat
cat.3990.jpg,2,5,373,472,cat
cat.3991.jpg,29,4,337,458,cat
cat.3992.jpg,120,0,436,365,cat
cat.3993.jpg,95,24,480,251,cat
cat.3994.jpg,63,0,497,373,cat
cat.3995.jpg,81,120,319,279,cat
cat.3996.jpg,15,70,383,275,cat
cat.3997.jpg,0,0,372,196,cat
cat.3998.jpg,124,112,264,248,cat
cat.3999.jpg,17,42,351,488,cat
cat.4.jpg,96,28,487,354,cat
cat.40.jpg,13,0,496,381,cat
cat.41.jpg,3,108,327,475,cat
cat.42.jpg,6,4,230,170,cat
cat.43.jpg,119,171,322,495,cat
cat.44.jpg,33,22,88,85,cat
cat.45.jpg,126,90,334,259,cat
cat.46.jpg,62,20,347,414,cat
cat.47.jpg,5,4,250,211,cat
cat.48.jpg,13,7,104,71,cat
cat.49.jpg,11,5,161,125,cat
cat.5.jpg,24,44,131,121,cat
cat.6.jpg,62,116,182,234,cat
cat.7.jpg,157,18,479,492,cat
cat.8.jpg,4,86,337,335,cat
cat.9.jpg,0,1,319,424,cat
dog.7.jpg,253,65,299,181,cat
